CUST_ID,CUST_NAME,INDUSTRY,CONTACT,PHONE,AMOUNT,SIGN_DATE,GRADE,NOTES
CUST10000,EFGH#0,IT,,85955065012,1882427,99999999,b,follow-up record #0
CUST10001,EFGH#1,Healthcare,李四,70479121520,259957,20160408,A,follow-up record #1
CUST10002,7890#2,Finance,郑十一,52946118359,4953118,20190125,B,follow-up record #2
CUST10003,YZ12#3,Manufacturing,钱七,25945276514,867401,20160704,C,follow-up record #3
CUST10004,UVWX#4,Healthcare,钱七,92617118527,4508207,20160703,C,follow-up record #4
CUST10005,ABCDE#5,Manufacturing,冯十二,29621391750,1921749,20190228,B,follow-up record #5
CUST10006,EFGH#6,Retail,钱七,56469773664,3115303,20200422,C,follow-up record #6
CUST10007,EFGH#7,Healthcare,王五,64650103677,3887719,20210521,B,follow-up record #7
CUST10008,UVWX#8,IT,赵六,94115256168,3375214,20190207,C,follow-up record #8
CUST10009,MNOP#9,Retail,周九,75885173340,2231975,20170424,C,follow-up record #9
CUST10010,ABCDE#10,Retail,冯十二,50869304593,1170410,20230803,A,follow-up record #10
CUST10011,EFGH#11,Finance,王五,91179162040,3237662,20211015,C,follow-up record #11
CUST10012,7890#12,IT,李四,79897975371,2863598,20160514,B,follow-up record #12
CUST10013,3456#13,IT,钱七,61239279317,902638,20191117,B,follow-up record #13
CUST10014,IJKL#14,Manufacturing,王五,65296891009,2729218,20220104,C,follow-up record #14
CUST10015,QRST#15,Finance,张三,34622902403,4086783,20160925,B,follow-up record #15
CUST10016,IJKL#16,Retail,郑十一,26953429645,3559538,20180925,B,follow-up record #16
CUST10017,QRST#17,Retail,孙八,54894798397,1025056,20180403,C,follow-up record #17
CUST10018,ABCD#18,Healthcare,郑十一,33546081117,605533,20150403,A,follow-up record #18
CUST10019,UVWX#19,IT,郑十一,34355628953,1807148,20230324,D,follow-up record #19
CUST10020,MNOP#20,Retail,周九,29425452588,3625919,20200714,D,follow-up record #20
CUST10021,ABCD#21,IT,张三,51265592790,2095880,20180418,D,follow-up record #21
CUST10022,IJKL#22,Retail,王五,38585795092,642374,20220904,A,follow-up record #22
CUST10023,7890#23,IT,李四,87148723724,3419248,20220807,D,follow-up record #23
CUST10024,ABCD#24,Finance,周九,10273965345,3826886,20190723,D,follow-up record #24
CUST10025,IJKL#25,Finance,,40345661958,4868516,20230124,C,follow-up record #25
CUST10026,ABCD#26,IT,冯十二,58892389701,1330641,20150903,B,follow-up record #26
CUST10027,EFGH#27,Healthcare,李四,79148537615,1015681,20240419,A,follow-up record #27
CUST10028,ABCDE#28,IT,周九,77395656183,2197461,20181123,C,follow-up record #28
CUST10029,MNOP#29,Manufacturing,周九,23459158491,2662286,20160115,A,follow-up record #29
CUST10030,EFGH#30,Healthcare,赵六,61853453170,2937698,20160412,C,follow-up record #30
CUST10031,IJKL#31,Retail,郑十一,82059569666,75624,20230522,A,follow-up record #31
CUST10032,IJKL#32,Manufacturing,李四,20935465462,2373542,20240423,C,follow-up record #32
CUST10033,MNOP#33,Manufacturing,郑十一,60051141832,784255,20210502,A,follow-up record #33
CUST10034,UVWX#34,Finance,钱七,26582398007,4715227,20150203,B,follow-up record #34
CUST10035,7890#35,IT,孙八,69634268041,1079090,20150512,A,follow-up record #35
CUST10036,UVWX#36,Finance,赵六,78226846794,4706643,20211024,B,follow-up record #36
CUST10037,MNOP#37,Finance,王五,52214063938,2796573,20211128,B,follow-up record #37
CUST10038,QRST#38,Finance,李四,49116348711,1875909,20180812,C,follow-up record #38
CUST10039,MNOP#39,Finance,张三,77541647528,2763660,20190225,C,follow-up record #39
CUST10040,UVWX#40,Healthcare,周九,79597856425,241530,20160506,C,follow-up record #40
CUST10041,ABCD#41,IT,冯十二,54466636139,3670737,20240904,D,follow-up record #41
CUST10042,ABCDE#42,Finance,钱七,14581441027,4371407,20231124,B,follow-up record #42
CUST10043,UVWX#43,Retail,李四,78064096143,1055432,20190910,D,follow-up record #43
CUST10044,UVWX#44,Retail,钱七,66730854143,3536959,20211124,B,follow-up record #44
CUST10045,ABCDE#45,Healthcare,钱七,51599771006,2559087,20190414,C,follow-up record #45
CUST10046,3456#46,Retail,吴十,79145019375,3979373,20171103,C,follow-up record #46
CUST10047,7890#47,Healthcare,孙八,19548486085,1894422,20180301,A,follow-up record #47
CUST10048,MNOP#48,Retail,冯十二,97021938461,3486583,20240423,D,follow-up record #48
CUST10049,3456#49,Retail,赵六,25110902746,3576384,20180326,D,follow-up record #49
CUST10050,ABCD#50,Healthcare,,35529888478,1128529,20221117,C,follow-up record #50
CUST10051,3456#51,Healthcare,郑十一,53699768305,1345113,20220809,B,follow-up record #51
CUST10052,QRST#52,Healthcare,吴十,74149195499,3699918,20161210,B,follow-up record #52
CUST10053,QRST#53,Manufacturing,孙八,65323203267,1275259,20180723,B,follow-up record #53
CUST10054,MNOP#54,IT,周九,51764219890,3918456,20210107,D,follow-up record #54
CUST10055,YZ12#55,Healthcare,张三,97772328814,59459,20200525,D,follow-up record #55
CUST10056,YZ12#56,Healthcare,郑十一,91946138999,1850642,20190716,A,follow-up record #56
CUST10057,YZ12#57,Manufacturing,周九,84137048657,1080619,20240901,D,follow-up record #57
CUST10058,ABCDE#58,Healthcare,张三,18580223223,3883007,20170109,D,follow-up record #58
CUST10059,UVWX#59,Finance,吴十,43465297211,2344185,20210527,A,follow-up record #59
CUST10060,3456#60,IT,郑十一,15367334673,585612,99999999,A,follow-up record #60
CUST10061,ABCD#61,Finance,赵六,95913333496,2011060,20170822,A,follow-up record #61
CUST10062,ABCDE#62,Finance,吴十,81651987043,1417517,20241024,A,follow-up record #62
CUST10063,IJKL#63,Manufacturing,李四,69214206111,4840133,20210723,B,follow-up record #63
CUST10064,EFGH#64,Healthcare,赵六,20459412983,4757386,20150618,D,follow-up record #64
CUST10065,UVWX#65,IT,郑十一,76365901207,3533708,20220214,C,follow-up record #65
CUST10066,3456#66,Finance,周九,28095485425,4524521,20220814,C,follow-up record #66
CUST10067,UVWX#67,Finance,李四,38583854995,3908257,20241022,D,follow-up record #67
CUST10068,UVWX#68,IT,吴十,97163253979,4099865,20180626,C,follow-up record #68
CUST10069,UVWX#69,Manufacturing,冯十二,81855261166,4343783,20180208,D,follow-up record #69
CUST10070,3456#70,Healthcare,赵六,80788009041,3769560,20150210,B,follow-up record #70
CUST10071,YZ12#71,Finance,钱七,77970468753,4652867,20230614,C,follow-up record #71
CUST10072,UVWX#72,Retail,钱七,41351184777,1022134,20180604,B,follow-up record #72
CUST10073,MNOP#73,Finance,吴十,38395955636,853274,20180508,C,follow-up record #73
CUST10074,IJKL#74,Manufacturing,张三,82597513073,2311090,20150118,C,follow-up record #74
CUST10075,IJKL#75,Retail,,20512005658,3947586,20220811,B,follow-up record #75
CUST10076,ABCD#76,Manufacturing,吴十,21620707565,4135069,20161021,A,follow-up record #76
CUST10077,IJKL#77,Finance,冯十二,41123955066,1003643,20230720,B,follow-up record #77
CUST10078,7890#78,Retail,吴十,55358718025,2571715,20241002,A,follow-up record #78
CUST10079,MNOP#79,Finance,钱七,77623303573,2022134,20170903,B,follow-up record #79
CUST10080,ABCD#80,Retail,吴十,80586995771,283802,20180523,C,follow-up record #80
CUST10081,3456#81,IT,赵六,37042417965,972813,20230421,B,follow-up record #81
CUST10082,QRST#82,Finance,李四,16137186039,4784854,20190804,D,follow-up record #82
CUST10083,QRST#83,Retail,钱七,61298479090,3682187,20161002,D,follow-up record #83
CUST10084,UVWX#84,Healthcare,钱七,12624964750,4835119,20240125,C,follow-up record #84
CUST10085,ABCDE#85,IT,王五,58195028245,2343346,20171014,D,follow-up record #85
CUST10086,EFGH#86,Retail,孙八,51864606260,887447,20170614,D,follow-up record #86
CUST10087,QRST#87,Retail,郑十一,13784512442,2648361,20190604,D,follow-up record #87
CUST10088,7890#88,IT,郑十一,57377701888,1583556,20230620,D,follow-up record #88
CUST10089,3456#89,IT,赵六,37399983146,2426163,20221216,A,follow-up record #89
CUST10090,ABCD#90,Healthcare,赵六,82635946091,4630772,20150914,A,follow-up record #90
CUST10091,MNOP#91,IT,吴十,22035229165,2458312,20231209,D,follow-up record #91
CUST10092,3456#92,Retail,赵六,56733697284,1608955,20240924,B,follow-up record #92
CUST10093,EFGH#93,Manufacturing,周九,44893185377,31518,20191210,D,follow-up record #93
CUST10094,IJKL#94,Retail,郑十一,59566546446,4639818,20230715,C,follow-up record #94
CUST10095,MNOP#95,Finance,冯十二,49248267730,376140,20201216,D,follow-up record #95
CUST10096,YZ12#96,Finance,吴十,13730689229,4960792,20200228,D,follow-up record #96
CUST10097,EFGH#97,Healthcare,吴十,11533617717,1304875,20160826,C,follow-up record #97
CUST10098,UVWX#98,Healthcare,周九,76523156383,4486348,20210621,D,follow-up record #98
CUST10099,7890#99,IT,冯十二,17048465708,1918293,20160704,A,follow-up record #99
CUST10100,3456#100,Finance,,81059061474,395800,20200110,c,follow-up record #100
CUST10101,UVWX#101,Retail,王五,35097027751,4757348,20170306,A,follow-up record #101
CUST10102,ABCDE#102,Retail,冯十二,79949459153,4901876,20170415,C,follow-up record #102
CUST10103,3456#103,Manufacturing,张三,92386225712,4595197,20170215,C,follow-up record #103
CUST10104,ABCDE#104,Manufacturing,周九,80650978484,2544380,20180728,D,follow-up record #104
CUST10105,EFGH#105,Finance,周九,68568815847,2486575,20151113,C,follow-up record #105
CUST10106,ABCD#106,Healthcare,张三,72091385689,1940372,20240608,B,follow-up record #106
CUST10107,ABCDE#107,Manufacturing,王五,74325911645,2601516,20220119,C,follow-up record #107
CUST10108,IJKL#108,IT,钱七,43478073877,1694388,20170912,C,follow-up record #108
CUST10109,IJKL#109,Manufacturing,吴十,92558356549,976113,20220205,B,follow-up record #109
CUST10110,YZ12#110,Healthcare,孙八,19274641228,2228439,20230215,C,follow-up record #110
CUST10111,QRST#111,Healthcare,周九,94270862775,1971440,20220120,C,follow-up record #111
CUST10112,ABCDE#112,Finance,李四,75086065951,3435033,20160302,A,follow-up record #112
CUST10113,QRST#113,Retail,李四,19948469807,1148032,20210812,D,follow-up record #113
CUST10114,ABCDE#114,Finance,周九,77026229017,3433524,20190123,C,follow-up record #114
CUST10115,MNOP#115,Retail,吴十,34169422627,3091428,20231112,A,follow-up record #115
CUST10116,YZ12#116,Manufacturing,赵六,22584502501,1789272,20240102,C,follow-up record #116
CUST10117,MNOP#117,Finance,冯十二,31021244394,4928937,20180411,B,follow-up record #117
CUST10118,ABCDE#118,IT,钱七,97933703129,4541655,20190304,A,follow-up record #118
CUST10119,IJKL#119,IT,孙八,90848986304,142381,20170502,B,follow-up record #119
CUST10120,YZ12#120,Healthcare,李四,86320418802,3770405,99999999,C,follow-up record #120
CUST10121,7890#121,Healthcare,李四,56292544629,373772,20230515,A,follow-up record #121
CUST10122,ABCD#122,Retail,周九,53627689032,3730870,20160211,B,follow-up record #122
CUST10123,EFGH#123,Finance,钱七,73999846327,3205257,20240910,D,follow-up record #123
CUST10124,7890#124,Healthcare,周九,20128744522,3617688,20220414,C,follow-up record #124
CUST10125,3456#125,Retail,,52525576120,3589955,20201109,C,follow-up record #125
CUST10126,IJKL#126,Retail,李四,19323982527,3632842,20161224,C,follow-up record #126
CUST10127,IJKL#127,Healthcare,张三,70064003002,3456112,20201125,D,follow-up record #127
CUST10128,ABCD#128,Manufacturing,冯十二,41967612697,4857931,20230405,D,follow-up record #128
CUST10129,MNOP#129,IT,孙八,96570222882,2346799,20240426,D,follow-up record #129
CUST10130,7890#130,Healthcare,冯十二,79114305381,252876,20170523,C,follow-up record #130
CUST10131,UVWX#131,Manufacturing,张三,28533477566,593724,20171221,A,follow-up record #131
CUST10132,EFGH#132,Healthcare,赵六,48578788432,2869642,20170610,C,follow-up record #132
CUST10133,ABCDE#133,Healthcare,李四,15335493579,427438,20160515,D,follow-up record #133
CUST10134,3456#134,Healthcare,吴十,52454754531,4307872,20160614,A,follow-up record #134
CUST10135,QRST#135,Healthcare,吴十,63960531744,1859842,20211002,A,follow-up record #135
CUST10136,MNOP#136,Manufacturing,赵六,88532485186,2438058,20200201,D,follow-up record #136
CUST10137,YZ12#137,Finance,王五,48997254770,4206504,20231126,C,follow-up record #137
CUST10138,EFGH#138,Retail,张三,54613078532,663158,20201014,D,follow-up record #138
CUST10139,YZ12#139,Manufacturing,李四,51413416321,1451776,20240827,C,follow-up record #139
CUST10140,EFGH#140,Retail,李四,34981387560,4405316,20160728,C,follow-up record #140
CUST10141,UVWX#141,Finance,孙八,89737542251,4292244,20160917,B,follow-up record #141
CUST10142,UVWX#142,Manufacturing,王五,34126843399,2157217,20180320,B,follow-up record #142
CUST10143,EFGH#143,Finance,吴十,57583546295,2661965,20170803,D,follow-up record #143
CUST10144,3456#144,Manufacturing,钱七,70519206766,4265850,20160515,D,follow-up record #144
CUST10145,ABCD#145,IT,孙八,95157032257,767461,20241017,D,follow-up record #145
CUST10146,3456#146,Healthcare,郑十一,91016728368,4805403,20180620,D,follow-up record #146
CUST10147,7890#147,Finance,张三,56126956626,717404,20231106,A,follow-up record #147
CUST10148,MNOP#148,Retail,吴十,63695643600,3062597,20200513,D,follow-up record #148
CUST10149,UVWX#149,Healthcare,张三,90864822079,2775646,20160922,D,follow-up record #149
CUST10150,QRST#150,Manufacturing,,84134636461,693688,20241105,C,follow-up record #150
CUST10151,QRST#151,Retail,王五,70923886072,4698578,20211126,C,follow-up record #151
CUST10152,IJKL#152,Healthcare,李四,76179379331,3045234,20150610,B,follow-up record #152
CUST10153,MNOP#153,Manufacturing,吴十,29647113253,1309774,20160528,A,follow-up record #153
CUST10154,7890#154,Healthcare,郑十一,13865173147,3170155,20170306,B,follow-up record #154
CUST10155,3456#155,IT,周九,47348918277,2400148,20220418,B,follow-up record #155
CUST10156,QRST#156,Retail,赵六,47682188564,2373672,20210917,D,follow-up record #156
CUST10157,IJKL#157,Finance,冯十二,24150961854,4041486,20200904,A,follow-up record #157
CUST10158,QRST#158,IT,王五,37983619410,1246050,20210208,D,follow-up record #158
CUST10159,UVWX#159,IT,周九,15474959224,3147016,20180703,C,follow-up record #159
CUST10160,MNOP#160,IT,孙八,20164933392,1164269,20150527,D,follow-up record #160
CUST10161,IJKL#161,Retail,吴十,73010862298,169416,20190427,B,follow-up record #161
CUST10162,7890#162,Healthcare,郑十一,53328215720,2003470,20190202,B,follow-up record #162
CUST10163,YZ12#163,Healthcare,吴十,16428169189,4506745,20151117,B,follow-up record #163
CUST10164,IJKL#164,Manufacturing,周九,10167804941,4797074,20210322,A,follow-up record #164
CUST10165,7890#165,Manufacturing,李四,63899149312,4268246,20230113,D,follow-up record #165
CUST10166,ABCD#166,Retail,孙八,35912666850,576730,20200424,A,follow-up record #166
CUST10167,ABCDE#167,Manufacturing,王五,14567729945,2849940,20171115,D,follow-up record #167
CUST10168,IJKL#168,Finance,李四,83384981605,2471574,20180126,B,follow-up record #168
CUST10169,ABCD#169,Manufacturing,钱七,62775249897,3981165,20190125,B,follow-up record #169
CUST10170,QRST#170,Manufacturing,张三,98664385476,1054172,20200713,D,follow-up record #170
CUST10171,YZ12#171,Manufacturing,王五,60891517018,4366001,20190224,D,follow-up record #171
CUST10172,EFGH#172,Retail,冯十二,94239569937,2474291,20200203,C,follow-up record #172
CUST10173,QRST#173,Manufacturing,吴十,71779813730,3733773,20200802,C,follow-up record #173
CUST10174,ABCDE#174,Retail,钱七,75419392229,3417538,20200926,B,follow-up record #174
CUST10175,ABCD#175,Finance,,96981791570,1068894,20160425,C,follow-up record #175
CUST10176,UVWX#176,Retail,冯十二,13335138371,3121875,20200825,A,follow-up record #176
CUST10177,ABCDE#177,Finance,郑十一,47575216150,2347819,20180201,B,follow-up record #177
CUST10178,3456#178,Healthcare,周九,67529295288,2193468,20220420,C,follow-up record #178
CUST10179,3456#179,Finance,李四,23822138406,1458346,20220226,C,follow-up record #179
CUST10180,UVWX#180,IT,郑十一,65557575914,1331249,99999999,B,follow-up record #180
CUST10181,UVWX#181,Healthcare,赵六,22442923275,1995887,20220112,C,follow-up record #181
CUST10182,3456#182,Healthcare,王五,72624122077,2604518,20211224,D,follow-up record #182
CUST10183,7890#183,Retail,周九,94322083053,2669420,20160815,C,follow-up record #183
CUST10184,IJKL#184,Healthcare,冯十二,28631148088,4228327,20150217,B,follow-up record #184
CUST10185,QRST#185,Finance,王五,43046946669,4362830,20190209,B,follow-up record #185
CUST10186,7890#186,Manufacturing,王五,74059619740,793734,20231106,B,follow-up record #186
CUST10187,IJKL#187,Healthcare,冯十二,44516741464,691346,20151125,C,follow-up record #187
CUST10188,MNOP#188,Healthcare,周九,73214969159,4586635,20191110,D,follow-up record #188
CUST10189,MNOP#189,Retail,钱七,56421951981,1336074,20220716,D,follow-up record #189
CUST10190,MNOP#190,Manufacturing,冯十二,24761216231,2907178,20210325,C,follow-up record #190
CUST10191,7890#191,Healthcare,李四,42649608642,1037788,20190808,B,follow-up record #191
CUST10192,EFGH#192,IT,钱七,49378505067,1349657,20201024,C,follow-up record #192
CUST10193,MNOP#193,Finance,吴十,62786489171,2598225,20220103,D,follow-up record #193
CUST10194,7890#194,Retail,赵六,32067811797,433963,20190820,D,follow-up record #194
CUST10195,QRST#195,Healthcare,张三,96727618060,1133527,20191212,D,follow-up record #195
CUST10196,UVWX#196,IT,周九,15241896939,4650770,20190213,D,follow-up record #196
CUST10197,7890#197,Manufacturing,冯十二,79629463108,821023,20210626,C,follow-up record #197
CUST10198,7890#198,Manufacturing,王五,30393417576,4204957,20150102,B,follow-up record #198
CUST10199,UVWX#199,Retail,郑十一,56734409446,1182567,20201011,B,follow-up record #199
CUST10200,YZ12#200,Healthcare,,85759026511,4265666,20230916,c,follow-up record #200
CUST10201,3456#201,IT,孙八,43927957824,4906448,20191228,A,follow-up record #201
CUST10202,ABCDE#202,Retail,钱七,77147281841,4904948,20220317,D,follow-up record #202
CUST10203,IJKL#203,Finance,张三,68628004125,168858,20220614,B,follow-up record #203
CUST10204,YZ12#204,Finance,周九,61387262020,1168319,20230418,C,follow-up record #204
CUST10205,3456#205,Healthcare,周九,42138378531,4482193,20200912,C,follow-up record #205
CUST10206,ABCDE#206,Retail,赵六,35255715890,1896321,20190523,B,follow-up record #206
CUST10207,3456#207,Manufacturing,吴十,45754805715,1032354,20241118,D,follow-up record #207
CUST10208,YZ12#208,Manufacturing,王五,39716895712,672946,20200821,C,follow-up record #208
CUST10209,3456#209,Finance,赵六,94798245442,4724548,20190304,B,follow-up record #209
CUST10210,MNOP#210,IT,郑十一,33148141860,850521,20210623,D,follow-up record #210
CUST10211,EFGH#211,Finance,张三,66335877666,4000457,20221107,C,follow-up record #211
CUST10212,UVWX#212,Manufacturing,张三,88724654804,4499182,20150314,B,follow-up record #212
CUST10213,ABCD#213,Retail,吴十,29057421613,87738,20191020,A,follow-up record #213
CUST10214,UVWX#214,Manufacturing,吴十,75699019590,4153237,20170915,C,follow-up record #214
CUST10215,MNOP#215,IT,孙八,26685185215,1571951,20151211,C,follow-up record #215
CUST10216,ABCDE#216,Finance,王五,72576438007,4332487,20200213,A,follow-up record #216
CUST10217,IJKL#217,Finance,吴十,43150641111,2197625,20210415,C,follow-up record #217
CUST10218,UVWX#218,Manufacturing,冯十二,84011875285,3026141,20180122,A,follow-up record #218
CUST10219,3456#219,Manufacturing,王五,51592336095,994954,20190620,B,follow-up record #219
CUST10220,MNOP#220,Finance,吴十,25684547121,3498365,20230825,B,follow-up record #220
CUST10221,MNOP#221,Healthcare,李四,63883199653,3044871,20161004,A,follow-up record #221
CUST10222,7890#222,Healthcare,赵六,68697923455,1390237,20200915,A,follow-up record #222
CUST10223,MNOP#223,Healthcare,吴十,19393618298,476706,20220317,D,follow-up record #223
CUST10224,3456#224,Healthcare,张三,67285756049,192623,20210527,A,follow-up record #224
CUST10225,MNOP#225,Healthcare,,17417427941,2900117,20160902,A,follow-up record #225
CUST10226,3456#226,IT,钱七,51839483218,3536251,20200715,D,follow-up record #226
CUST10227,YZ12#227,IT,郑十一,23666972943,1507145,20230717,B,follow-up record #227
CUST10228,MNOP#228,IT,张三,40585859920,3567843,20230727,B,follow-up record #228
CUST10229,MNOP#229,Retail,孙八,25855164088,956609,20151114,A,follow-up record #229
CUST10230,MNOP#230,Finance,李四,20315508314,418326,20181202,D,follow-up record #230
CUST10231,3456#231,Finance,郑十一,32219243295,4236984,20190427,C,follow-up record #231
CUST10232,ABCDE#232,Healthcare,孙八,34259443347,4382570,20180710,C,follow-up record #232
CUST10233,ABCD#233,Healthcare,冯十二,85238697999,4672813,20220112,D,follow-up record #233
CUST10234,7890#234,Manufacturing,周九,51834445913,3167976,20170916,B,follow-up record #234
CUST10235,MNOP#235,Manufacturing,王五,92585861944,4727635,20210718,B,follow-up record #235
CUST10236,YZ12#236,Finance,钱七,30864112295,3783085,20200218,B,follow-up record #236
CUST10237,ABCD#237,Manufacturing,周九,78916472192,1588428,20241222,B,follow-up record #237
CUST10238,3456#238,Finance,孙八,41012514470,1604034,20161225,D,follow-up record #238
CUST10239,MNOP#239,Healthcare,赵六,50649216269,2384472,20210818,C,follow-up record #239
CUST10240,QRST#240,Manufacturing,孙八,62591478635,837185,99999999,D,follow-up record #240
CUST10241,UVWX#241,Finance,孙八,42077811749,4728799,20181205,A,follow-up record #241
CUST10242,QRST#242,Healthcare,冯十二,69378415836,1288519,20180608,D,follow-up record #242
CUST10243,ABCDE#243,Finance,吴十,66365305216,4108850,20220806,C,follow-up record #243
CUST10244,IJKL#244,Finance,郑十一,60040159882,502680,20230127,A,follow-up record #244
CUST10245,ABCD#245,IT,周九,24047912113,1276928,20150417,D,follow-up record #245
CUST10246,UVWX#246,IT,冯十二,75389168993,141967,20150918,D,follow-up record #246
CUST10247,ABCD#247,IT,郑十一,83955019777,2414917,20150927,D,follow-up record #247
CUST10248,IJKL#248,IT,李四,63634394948,1620042,20240909,C,follow-up record #248
CUST10249,QRST#249,Retail,李四,48276528520,4749581,20181208,C,follow-up record #249
CUST10250,EFGH#250,IT,,19576407213,3173927,20230802,A,follow-up record #250
CUST10251,IJKL#251,IT,吴十,96581096427,4756749,20160902,B,follow-up record #251
CUST10252,MNOP#252,Healthcare,吴十,37717622218,2361939,20231022,A,follow-up record #252
CUST10253,IJKL#253,Manufacturing,张三,31233627525,655398,20190319,B,follow-up record #253
CUST10254,ABCDE#254,Retail,郑十一,43972883292,667899,20231212,A,follow-up record #254
CUST10255,EFGH#255,Retail,赵六,95822456580,3337786,20200121,C,follow-up record #255
CUST10256,3456#256,Retail,赵六,46471508075,1568081,20241113,A,follow-up record #256
CUST10257,ABCDE#257,Manufacturing,赵六,83022042344,2257912,20170723,B,follow-up record #257
CUST10258,YZ12#258,Manufacturing,孙八,20924991085,2595934,20220625,C,follow-up record #258
CUST10259,EFGH#259,Finance,李四,29180618353,4682329,20230914,A,follow-up record #259
CUST10260,ABCD#260,IT,孙八,66725246315,3241609,20150514,D,follow-up record #260
CUST10261,EFGH#261,Healthcare,赵六,68595373778,3203811,20170309,C,follow-up record #261
CUST10262,QRST#262,Retail,王五,16437398121,2324935,20210516,A,follow-up record #262
CUST10263,UVWX#263,Manufacturing,赵六,83891234203,3850821,20160310,A,follow-up record #263
CUST10264,YZ12#264,Manufacturing,冯十二,48963998212,2817970,20211120,B,follow-up record #264
CUST10265,QRST#265,Manufacturing,冯十二,81142908848,2645560,20170711,C,follow-up record #265
CUST10266,3456#266,Healthcare,赵六,43371615592,3306178,20200219,B,follow-up record #266
CUST10267,ABCDE#267,Healthcare,王五,79814408563,1768658,20220527,A,follow-up record #267
CUST10268,YZ12#268,Retail,王五,74859614965,2129647,20171214,D,follow-up record #268
CUST10269,EFGH#269,Retail,冯十二,59075669755,4259774,20210902,C,follow-up record #269
CUST10270,7890#270,Healthcare,李四,21150676816,1405348,20240119,D,follow-up record #270
CUST10271,UVWX#271,Retail,李四,11026155239,1872280,20231217,B,follow-up record #271
CUST10272,3456#272,Manufacturing,周九,57491993469,2903796,20150804,C,follow-up record #272
CUST10273,YZ12#273,IT,李四,95133216707,2626325,20200826,B,follow-up record #273
CUST10274,7890#274,Retail,孙八,58725998178,3805402,20200210,A,follow-up record #274
CUST10275,EFGH#275,IT,,96966202791,1388702,20180906,B,follow-up record #275
CUST10276,UVWX#276,Healthcare,周九,57347987636,1557293,20171122,D,follow-up record #276
CUST10277,YZ12#277,IT,冯十二,30283658037,3271790,20151207,B,follow-up record #277
CUST10278,QRST#278,IT,冯十二,20497964063,3078494,20200415,A,follow-up record #278
CUST10279,QRST#279,Retail,郑十一,75461347367,3302897,20240212,C,follow-up record #279
CUST10280,3456#280,Healthcare,王五,93358732388,1133635,20200208,C,follow-up record #280
CUST10281,EFGH#281,Finance,孙八,81033169369,3268666,20211005,D,follow-up record #281
CUST10282,YZ12#282,Finance,吴十,75098043838,4664944,20170810,B,follow-up record #282
CUST10283,IJKL#283,Manufacturing,吴十,73418786882,90391,20220307,D,follow-up record #283
CUST10284,7890#284,Healthcare,吴十,51890567809,3733298,20220303,A,follow-up record #284
CUST10285,MNOP#285,Manufacturing,张三,38146839808,2431542,20170819,D,follow-up record #285
CUST10286,7890#286,Healthcare,李四,68628715389,4565904,20200927,A,follow-up record #286
CUST10287,3456#287,Healthcare,赵六,53526775055,2507363,20150809,C,follow-up record #287
CUST10288,EFGH#288,Retail,李四,89448824438,4941863,20201220,D,follow-up record #288
CUST10289,IJKL#289,Healthcare,王五,90343854390,507929,20240618,C,follow-up record #289
CUST10290,ABCDE#290,Healthcare,王五,43157945740,4814454,20190922,A,follow-up record #290
CUST10291,IJKL#291,Retail,张三,38330783174,2104444,20171211,B,follow-up record #291
CUST10292,YZ12#292,Retail,王五,69154027786,3157173,20220221,A,follow-up record #292
CUST10293,YZ12#293,Healthcare,钱七,81170468449,4104013,20201001,A,follow-up record #293
CUST10294,3456#294,Manufacturing,李四,91497567516,1837289,20210416,C,follow-up record #294
CUST10295,UVWX#295,Manufacturing,孙八,66031398951,2893496,20150104,D,follow-up record #295
CUST10296,ABCD#296,IT,王五,55184791011,3598640,20181205,C,follow-up record #296
CUST10297,IJKL#297,Manufacturing,李四,77069055102,701393,20201121,B,follow-up record #297
CUST10298,ABCD#298,Retail,钱七,84348368032,775034,20160107,D,follow-up record #298
CUST10299,EFGH#299,Finance,冯十二,33195108291,87904,20151211,A,follow-up record #299
CUST10300,YZ12#300,Finance,,58921604751,3223423,99999999,a,follow-up record #300
CUST10301,EFGH#301,IT,孙八,47659023246,3220496,20171122,B,follow-up record #301
CUST10302,EFGH#302,Healthcare,冯十二,10836888210,2955976,20181124,B,follow-up record #302
CUST10303,YZ12#303,Healthcare,吴十,98045592420,852762,20170219,D,follow-up record #303
CUST10304,UVWX#304,Retail,孙八,91032905059,2333373,20160418,C,follow-up record #304
CUST10305,ABCD#305,Manufacturing,赵六,63093484090,3296245,20191102,B,follow-up record #305
CUST10306,3456#306,Retail,李四,34691852163,4441588,20150611,B,follow-up record #306
CUST10307,YZ12#307,Healthcare,周九,47499513830,3961157,20160119,A,follow-up record #307
CUST10308,ABCD#308,Manufacturing,赵六,14019907520,4259757,20191123,D,follow-up record #308
CUST10309,YZ12#309,Retail,李四,75597919808,1290776,20190210,A,follow-up record #309
CUST10310,7890#310,Finance,王五,64963537401,4929391,20160523,D,follow-up record #310
CUST10311,MNOP#311,IT,赵六,18881182900,3813158,20241002,C,follow-up record #311
CUST10312,IJKL#312,IT,张三,82432481185,1384327,20220617,C,follow-up record #312
CUST10313,IJKL#313,Manufacturing,王五,86754032934,256258,20200709,A,follow-up record #313
CUST10314,QRST#314,Healthcare,李四,60884579368,3030938,20150828,B,follow-up record #314
CUST10315,UVWX#315,Finance,钱七,89126852889,1925995,20230102,A,follow-up record #315
CUST10316,MNOP#316,IT,吴十,47272743458,1511233,20150926,D,follow-up record #316
CUST10317,MNOP#317,Manufacturing,赵六,52662415444,663364,20240604,A,follow-up record #317
CUST10318,IJKL#318,Finance,郑十一,14775682129,3911492,20190511,A,follow-up record #318
CUST10319,7890#319,Retail,张三,47742875777,4739553,20191220,B,follow-up record #319
CUST10320,3456#320,Manufacturing,冯十二,60542019954,2066273,20170114,A,follow-up record #320
CUST10321,MNOP#321,Healthcare,孙八,75111576488,22264,20211224,C,follow-up record #321
CUST10322,EFGH#322,Finance,郑十一,34378789061,512436,20171209,A,follow-up record #322
CUST10323,ABCD#323,Finance,郑十一,52271028511,722213,20240217,B,follow-up record #323
CUST10324,YZ12#324,IT,冯十二,68120208126,1106460,20180509,C,follow-up record #324
CUST10325,YZ12#325,Manufacturing,,42584175455,1969673,20160405,A,follow-up record #325
CUST10326,IJKL#326,IT,王五,56086356145,3420074,20160912,B,follow-up record #326
CUST10327,3456#327,Manufacturing,吴十,37129642481,1332173,20191223,A,follow-up record #327
CUST10328,MNOP#328,Manufacturing,王五,19350666828,3333939,20230122,C,follow-up record #328
CUST10329,QRST#329,Finance,张三,51484085093,804613,20220226,B,follow-up record #329
CUST10330,EFGH#330,IT,张三,95046413141,1672060,20210622,A,follow-up record #330
CUST10331,ABCDE#331,Healthcare,钱七,93222281357,550830,20181115,B,follow-up record #331
CUST10332,EFGH#332,Manufacturing,李四,14385521829,1419195,20240727,D,follow-up record #332
CUST10333,3456#333,IT,周九,79979903831,2979091,20180309,C,follow-up record #333
CUST10334,3456#334,Finance,张三,72850265835,4195006,20210916,A,follow-up record #334
CUST10335,EFGH#335,Manufacturing,周九,24078684267,4420848,20181126,A,follow-up record #335
CUST10336,YZ12#336,Manufacturing,吴十,65789406636,4755025,20230613,C,follow-up record #336
CUST10337,IJKL#337,IT,孙八,71145881480,2366634,20150817,C,follow-up record #337
CUST10338,ABCDE#338,Finance,王五,20250604951,2245790,20231202,B,follow-up record #338
CUST10339,ABCDE#339,Retail,孙八,95938463885,1994334,20240626,C,follow-up record #339
CUST10340,ABCDE#340,IT,孙八,68133284084,4139097,20230506,D,follow-up record #340
CUST10341,ABCD#341,IT,张三,33845841326,4426170,20220111,B,follow-up record #341
CUST10342,IJKL#342,Manufacturing,王五,92163011975,193818,20171023,B,follow-up record #342
CUST10343,EFGH#343,Healthcare,孙八,17471207481,4925864,20160610,C,follow-up record #343
CUST10344,IJKL#344,Finance,周九,91089826198,1471317,20231220,C,follow-up record #344
CUST10345,MNOP#345,Healthcare,王五,48760265825,1078275,20171201,D,follow-up record #345
CUST10346,ABCDE#346,IT,王五,71662134619,4754179,20160805,C,follow-up record #346
CUST10347,EFGH#347,Finance,孙八,42737502453,2826470,20220109,B,follow-up record #347
CUST10348,MNOP#348,IT,孙八,36227701020,413890,20210824,D,follow-up record #348
CUST10349,IJKL#349,Retail,吴十,48767549946,3158643,20160826,B,follow-up record #349
CUST10350,IJKL#350,Retail,,17515475831,178426,20200504,A,follow-up record #350
CUST10351,UVWX#351,Finance,周九,26422289962,791018,20201020,D,follow-up record #351
CUST10352,ABCD#352,Retail,王五,72181133573,459258,20160607,B,follow-up record #352
CUST10353,YZ12#353,Healthcare,郑十一,37156125872,2002699,20160113,D,follow-up record #353
CUST10354,IJKL#354,IT,孙八,10380052435,2480859,20240807,A,follow-up record #354
CUST10355,ABCD#355,Finance,王五,75357812342,3982598,20160526,D,follow-up record #355
CUST10356,3456#356,Retail,钱七,19399147349,1560896,20200712,B,follow-up record #356
CUST10357,3456#357,IT,钱七,55086195315,1907857,20191002,B,follow-up record #357
CUST10358,EFGH#358,IT,孙八,92798717782,4956983,20180902,D,follow-up record #358
CUST10359,7890#359,Retail,郑十一,80387794860,4005177,20190213,A,follow-up record #359
CUST10360,7890#360,Healthcare,郑十一,91934152970,3776818,99999999,B,follow-up record #360
CUST10361,IJKL#361,Finance,赵六,22916997936,667402,20210427,B,follow-up record #361
CUST10362,ABCDE#362,Manufacturing,孙八,84420972425,3265611,20230718,C,follow-up record #362
CUST10363,QRST#363,Healthcare,吴十,99412029561,3529808,20160705,B,follow-up record #363
CUST10364,ABCDE#364,Healthcare,冯十二,87626412730,4730133,20160528,C,follow-up record #364
CUST10365,YZ12#365,Manufacturing,周九,77089558750,324284,20170513,B,follow-up record #365
CUST10366,ABCDE#366,Healthcare,周九,13974846431,2002959,20151216,C,follow-up record #366
CUST10367,UVWX#367,IT,孙八,93759656094,2361718,20221222,A,follow-up record #367
CUST10368,MNOP#368,Finance,钱七,86182596257,2270058,20211021,A,follow-up record #368
CUST10369,MNOP#369,Retail,赵六,94376718937,4342727,20200117,B,follow-up record #369
CUST10370,EFGH#370,Manufacturing,郑十一,51332229589,4780369,20150307,B,follow-up record #370
CUST10371,ABCD#371,Finance,张三,56718286904,1680253,20190627,D,follow-up record #371
CUST10372,7890#372,Retail,李四,79715004963,3134477,20221015,B,follow-up record #372
CUST10373,3456#373,Healthcare,郑十一,45866403679,2179796,20160501,D,follow-up record #373
CUST10374,ABCD#374,Finance,冯十二,89845114626,1898376,20180521,D,follow-up record #374
CUST10375,7890#375,IT,,98511458767,1119931,20171026,A,follow-up record #375
CUST10376,MNOP#376,Manufacturing,冯十二,92460045511,3565149,20210615,C,follow-up record #376
CUST10377,MNOP#377,Retail,钱七,79395307506,4913033,20160117,C,follow-up record #377
CUST10378,7890#378,Healthcare,冯十二,38958902771,4051114,20160609,C,follow-up record #378
CUST10379,QRST#379,Manufacturing,钱七,29234569475,2025799,20151013,C,follow-up record #379
CUST10380,IJKL#380,IT,吴十,40252507857,3404021,20211202,B,follow-up record #380
CUST10381,UVWX#381,Finance,郑十一,75387946873,4265665,20190327,B,follow-up record #381
CUST10382,QRST#382,IT,吴十,23152373999,2825489,20160412,B,follow-up record #382
CUST10383,QRST#383,Retail,孙八,48052695817,3900306,20160802,A,follow-up record #383
CUST10384,3456#384,Finance,郑十一,22272539680,2512789,20210128,B,follow-up record #384
CUST10385,IJKL#385,Finance,孙八,51984963346,2664016,20170216,C,follow-up record #385
CUST10386,IJKL#386,Manufacturing,张三,10484065481,1766426,20171025,B,follow-up record #386
CUST10387,3456#387,IT,王五,72981058035,3393909,20210813,A,follow-up record #387
CUST10388,ABCD#388,Healthcare,赵六,84871121230,2712919,20230401,A,follow-up record #388
CUST10389,MNOP#389,Finance,孙八,41931122682,3227454,20231010,B,follow-up record #389
CUST10390,EFGH#390,IT,钱七,39784699524,4406617,20200722,B,follow-up record #390
CUST10391,UVWX#391,Retail,孙八,86840873701,3393894,20150408,B,follow-up record #391
CUST10392,MNOP#392,IT,冯十二,61637683017,3085191,20150721,C,follow-up record #392
CUST10393,7890#393,Healthcare,张三,70817852771,175605,20151204,D,follow-up record #393
CUST10394,3456#394,Retail,李四,66051408772,1294523,20181222,A,follow-up record #394
CUST10395,QRST#395,Retail,李四,77895245423,1160611,20210217,A,follow-up record #395
CUST10396,QRST#396,IT,李四,60942544272,2216152,20230412,D,follow-up record #396
CUST10397,QRST#397,Finance,张三,66191324402,4042101,20200401,A,follow-up record #397
CUST10398,EFGH#398,IT,冯十二,78590953443,765668,20230224,A,follow-up record #398
CUST10399,QRST#399,Finance,吴十,40353278606,430103,20160328,A,follow-up record #399
CUST10400,QRST#400,Manufacturing,,92061237979,982248,20160101,b,follow-up record #400
CUST10401,IJKL#401,Manufacturing,孙八,54853952522,3135781,20200304,D,follow-up record #401
CUST10402,YZ12#402,Retail,钱七,95573198835,3547810,20170205,A,follow-up record #402
CUST10403,IJKL#403,IT,周九,70489088178,1530523,20240725,C,follow-up record #403
CUST10404,ABCDE#404,IT,王五,59489972850,3460102,20220103,C,follow-up record #404
CUST10405,UVWX#405,IT,郑十一,88546696542,4364523,20231223,A,follow-up record #405
CUST10406,YZ12#406,Finance,吴十,45473053435,4693730,20240101,B,follow-up record #406
CUST10407,7890#407,Retail,吴十,99037092226,4134242,20200411,C,follow-up record #407
CUST10408,ABCD#408,Healthcare,赵六,66372037607,1981322,20160815,D,follow-up record #408
CUST10409,EFGH#409,Retail,吴十,42329449148,159058,20160714,A,follow-up record #409
CUST10410,7890#410,Healthcare,张三,94524895990,4274246,20230421,D,follow-up record #410
CUST10411,UVWX#411,Manufacturing,张三,93646528445,2794788,20231020,D,follow-up record #411
CUST10412,UVWX#412,Retail,李四,19946331035,2873511,20201126,C,follow-up record #412
CUST10413,7890#413,Healthcare,孙八,81827411750,1387035,20220327,D,follow-up record #413
CUST10414,EFGH#414,Manufacturing,冯十二,30040722978,3305854,20180827,B,follow-up record #414
CUST10415,UVWX#415,IT,周九,14730188381,3846847,20240905,D,follow-up record #415
CUST10416,ABCD#416,Healthcare,张三,66680918912,4274205,20171219,B,follow-up record #416
CUST10417,IJKL#417,IT,周九,77362739259,3236784,20211023,B,follow-up record #417
CUST10418,QRST#418,Retail,孙八,40184193185,1169137,20211023,C,follow-up record #418
CUST10419,7890#419,Manufacturing,郑十一,74745604291,1769197,20241210,C,follow-up record #419
CUST10420,IJKL#420,Finance,郑十一,65562812890,2964784,99999999,D,follow-up record #420
CUST10421,ABCDE#421,Healthcare,周九,79097475684,3553233,20150904,A,follow-up record #421
CUST10422,YZ12#422,Finance,张三,78619274275,2249576,20170522,C,follow-up record #422
CUST10423,IJKL#423,IT,钱七,30898661529,3018846,20220220,B,follow-up record #423
CUST10424,7890#424,Retail,赵六,62357121769,3210947,20210726,C,follow-up record #424
CUST10425,7890#425,IT,,11351174327,3726688,20181123,C,follow-up record #425
CUST10426,ABCDE#426,Healthcare,冯十二,30141705819,3774932,20171103,B,follow-up record #426
CUST10427,IJKL#427,Healthcare,李四,48616658020,2351363,20230505,B,follow-up record #427
CUST10428,ABCDE#428,Manufacturing,张三,43886403536,345045,20170620,A,follow-up record #428
CUST10429,ABCDE#429,Manufacturing,吴十,90868662194,2676394,20230406,A,follow-up record #429
CUST10430,7890#430,Finance,周九,65697987609,781295,20200407,C,follow-up record #430
CUST10431,UVWX#431,Manufacturing,钱七,32396918780,4718816,20150222,C,follow-up record #431
CUST10432,3456#432,Finance,冯十二,73649941653,2702214,20210213,C,follow-up record #432
CUST10433,7890#433,Manufacturing,张三,62971439426,4277583,20220802,C,follow-up record #433
CUST10434,MNOP#434,Manufacturing,郑十一,18425723742,4522859,20230121,A,follow-up record #434
CUST10435,MNOP#435,Finance,周九,95527024368,4521009,20211127,A,follow-up record #435
CUST10436,IJKL#436,IT,吴十,83464341620,744178,20160106,C,follow-up record #436
CUST10437,7890#437,IT,冯十二,94147295237,3429471,20210821,D,follow-up record #437
CUST10438,YZ12#438,Manufacturing,张三,49829389762,59483,20240225,A,follow-up record #438
CUST10439,EFGH#439,Manufacturing,郑十一,20857485937,735658,20190813,D,follow-up record #439
CUST10440,ABCD#440,Retail,王五,64646023234,3289883,20230521,B,follow-up record #440
CUST10441,QRST#441,Manufacturing,张三,66633163019,360418,20151020,D,follow-up record #441
CUST10442,7890#442,Healthcare,李四,41244416633,1786178,20211128,B,follow-up record #442
CUST10443,IJKL#443,Finance,赵六,73151404183,971523,20171126,A,follow-up record #443
CUST10444,7890#444,Retail,郑十一,17457622103,2112920,20160424,D,follow-up record #444
CUST10445,UVWX#445,Manufacturing,王五,78748422639,2401903,20240207,C,follow-up record #445
CUST10446,3456#446,Retail,孙八,73160083496,4754194,20240626,C,follow-up record #446
CUST10447,YZ12#447,Finance,张三,42050334629,3668473,20190605,C,follow-up record #447
CUST10448,3456#448,Retail,吴十,46760048978,4637758,20160321,A,follow-up record #448
CUST10449,QRST#449,Finance,郑十一,30153122252,642500,20150921,A,follow-up record #449
CUST10450,ABCDE#450,Healthcare,,51444851600,4637105,20190918,D,follow-up record #450
CUST10451,IJKL#451,Manufacturing,周九,32857673193,3908195,20230903,D,follow-up record #451
CUST10452,UVWX#452,Healthcare,张三,77849133717,4322891,20170806,B,follow-up record #452
CUST10453,ABCDE#453,Healthcare,王五,85389216878,349066,20180808,A,follow-up record #453
CUST10454,QRST#454,Manufacturing,赵六,14343879485,3040396,20210815,A,follow-up record #454
CUST10455,ABCD#455,Manufacturing,李四,82095425480,2218855,20240919,B,follow-up record #455
CUST10456,YZ12#456,Retail,孙八,70122759465,2120459,20210417,D,follow-up record #456
CUST10457,UVWX#457,Manufacturing,吴十,91188981108,4219713,20170806,B,follow-up record #457
CUST10458,EFGH#458,Healthcare,钱七,31634614062,1330009,20201023,A,follow-up record #458
CUST10459,MNOP#459,Retail,孙八,83728568889,4026588,20220419,B,follow-up record #459
CUST10460,YZ12#460,IT,赵六,14430953639,1140147,20230119,B,follow-up record #460
CUST10461,ABCD#461,Finance,钱七,28494647642,4737858,20151224,C,follow-up record #461
CUST10462,EFGH#462,Finance,吴十,72187238891,1440817,20180720,B,follow-up record #462
CUST10463,ABCDE#463,Finance,冯十二,77593695333,1416951,20200820,A,follow-up record #463
CUST10464,MNOP#464,Retail,周九,23527781271,1707422,20230922,D,follow-up record #464
CUST10465,IJKL#465,Healthcare,李四,28187961639,4467957,20230203,D,follow-up record #465
CUST10466,IJKL#466,Healthcare,郑十一,94710198069,4389224,20210628,A,follow-up record #466
CUST10467,7890#467,Retail,赵六,92188997246,2950356,20241225,A,follow-up record #467
CUST10468,YZ12#468,Finance,钱七,58848092373,2386213,20240914,C,follow-up record #468
CUST10469,MNOP#469,IT,张三,69195612930,4370078,20150721,B,follow-up record #469
CUST10470,UVWX#470,Retail,孙八,20935357980,4920441,20190528,D,follow-up record #470
CUST10471,ABCDE#471,Manufacturing,冯十二,38275114337,3476409,20230916,B,follow-up record #471
CUST10472,UVWX#472,Healthcare,郑十一,59551576024,4855689,20201213,B,follow-up record #472
CUST10473,EFGH#473,Finance,吴十,90136502642,1809005,20230726,C,follow-up record #473
CUST10474,7890#474,Healthcare,张三,26473751086,774106,20170820,D,follow-up record #474
CUST10475,EFGH#475,IT,,36946337075,681421,20240124,D,follow-up record #475
CUST10476,YZ12#476,Healthcare,郑十一,39319413871,4157062,20220107,C,follow-up record #476
CUST10477,MNOP#477,IT,冯十二,62294514795,1431725,20150608,A,follow-up record #477
CUST10478,IJKL#478,IT,钱七,89875446785,3324700,20211007,A,follow-up record #478
CUST10479,EFGH#479,IT,郑十一,39167036693,2329515,20181007,D,follow-up record #479
CUST10480,YZ12#480,Healthcare,张三,36738677670,4256632,99999999,A,follow-up record #480
CUST10481,7890#481,IT,郑十一,40165702917,4315760,20190927,C,follow-up record #481
CUST10482,3456#482,Retail,冯十二,59549856565,3859099,20221028,A,follow-up record #482
CUST10483,3456#483,IT,钱七,16972694610,1938793,20200712,A,follow-up record #483
CUST10484,QRST#484,Finance,钱七,19575366603,647775,20230316,C,follow-up record #484
CUST10485,UVWX#485,Finance,冯十二,37539944115,4195909,20180424,B,follow-up record #485
CUST10486,QRST#486,Finance,赵六,30750916833,1318585,20160203,D,follow-up record #486
CUST10487,ABCDE#487,IT,郑十一,14389017081,2655908,20221028,C,follow-up record #487
CUST10488,3456#488,Finance,郑十一,38675184638,4847418,20170117,D,follow-up record #488
CUST10489,3456#489,Healthcare,张三,61466897450,1476331,20220223,D,follow-up record #489
CUST10490,UVWX#490,IT,张三,79044527216,4883850,20160612,C,follow-up record #490
CUST10491,IJKL#491,Healthcare,钱七,34254138722,2888101,20200316,D,follow-up record #491
CUST10492,MNOP#492,Retail,孙八,47375635581,3790988,20171005,B,follow-up record #492
CUST10493,EFGH#493,Manufacturing,赵六,66880817240,1654697,20171205,D,follow-up record #493
CUST10494,ABCD#494,Finance,周九,61132039470,4489370,20200810,C,follow-up record #494
CUST10495,7890#495,Healthcare,张三,50726213676,513621,20180516,A,follow-up record #495
CUST10496,3456#496,Manufacturing,钱七,46969035222,2896857,20150704,C,follow-up record #496
CUST10497,ABCDE#497,Finance,冯十二,68998213859,2397471,20200622,D,follow-up record #497
CUST10498,3456#498,IT,周九,72856948598,1225075,20171126,C,follow-up record #498
CUST10499,YZ12#499,Healthcare,冯十二,51421682296,1368950,20200411,C,follow-up record #499
CUST10500,QRST#500,Manufacturing,,71974795444,3742078,20201219,d,follow-up record #500
CUST10501,YZ12#501,Finance,王五,97413783048,1978195,20191223,A,follow-up record #501
CUST10502,MNOP#502,Finance,周九,20525652045,3979370,20230101,D,follow-up record #502
CUST10503,7890#503,IT,李四,36835442381,3280267,20190408,C,follow-up record #503
CUST10504,3456#504,Finance,王五,63937951468,304901,20200628,D,follow-up record #504
CUST10505,3456#505,Healthcare,钱七,66182883213,4533872,20171020,D,follow-up record #505
CUST10506,ABCDE#506,Retail,郑十一,75597456073,2922258,20220908,A,follow-up record #506
CUST10507,3456#507,Manufacturing,孙八,52252563551,2556554,20150117,B,follow-up record #507
CUST10508,UVWX#508,Manufacturing,吴十,64711369059,4011928,20190125,D,follow-up record #508
CUST10509,QRST#509,Healthcare,赵六,91511189981,3144352,20180718,D,follow-up record #509
